1,Stacie,Bangbayang,10000
2,Cozmo,Chipaque,10500
3,Pearce,Elektrėnai,11000
4,Britt,Folques,11500
5,Debra,Pasirputih,12000
6,Sarina,Xujiahe,12500
7,Nissie,Dimitrovgrad,13000
8,Meridith,Ziyang Chengguanzhen,13500
9,Gifford,Liulang,14000
10,Pinchas,Huangbei,14500
11,Pete,Patemon,15000
12,Rubie,Halteu,15500
13,Christopher,Saint-Jean-de-Védas,16000
14,Amelita,Ōiso,16500
15,Melinda,Al Misrākh,17000
16,Junia,Djibo,17500
17,Teresita,Velyka Bilozerka,18000
18,Thebault,Jiaokou,18500
19,Lillian,Västerhaninge,19000
20,Stefa,Mainri,19500
21,Heath,Teresina,20000
22,Tedmund,Kijang,20500
23,Valeda,Suzdal’,21000
24,Deedee,Birr,21500
25,Laureen,Orléans,22000
26,Gisella,Itapipoca,22500
27,Marta,Banxi,23000
28,Rebecca,Gradići,23500
29,Doyle,Zhutuo,24000
30,Jaye,Lahoysk,24500
31,Giffer,Uarini,25000
32,Hagen,Funes,25500
33,Pauly,Songgang-dong,26000
34,Maddy,Reserva,26500
35,Milissent,Fuli,27000
36,Trenton,Lapu-Lapu City,27500
37,Perrine,Gordeyevka,28000
38,Camile,Ilangay,28500
39,Nealy,Sheli,29000
40,Rosemarie,Shawnee Mission,29500
41,Herman,Delft,30000
42,Vilma,Mallow,30500
43,Hortense,Garunggang,31000
44,Kriste,Bambor,31500
45,Gypsy,Old Harbour Bay,32000
46,Hubie,Tafo,32500
47,Rebekkah,Aravissós,33000
48,Kori,Suining,33500
49,Fawn,Zepita,34000
50,Barrie,Kastsyukovichy,34500
51,Regan,Maple Plain,35000
52,Oberon,Huanoquite,35500
53,Francesca,Ust’-Kachka,36000
54,Gray,Chojna,36500
55,Ara,Santiago del Torno,37000
56,Germana,Chernoyerkovskaya,37500
57,Rollo,Leidian,38000
58,Gaelan,Tarascon,38500
59,Delilah,Pianling,39000
60,Jacquenette,Bozhou,39500
61,Trish,Campo Viera,40000
62,Donia,Leping,40500
63,Collin,Alto do Estanqueiro,41000
64,Dalenna,Ar Ruḩaybah,41500
65,Anitra,Pangkungparuk,42000
66,Corby,Bin Yauri,42500
67,Klarika,El Aguilar,43000
68,Meggi,Rennes,43500
69,Sascha,Yangjian,44000
70,Duane,Tuzhu,44500
71,Gaven,Waitakere,45000
72,Der,Issad,45500
73,Babb,Anping,46000
74,Madelaine,Zhuoshui,46500
75,Kimberli,Castelo,47000
76,Christy,Rancabuaya,47500
77,Betsy,Rajadesa,48000
78,Kayla,Krong Pi Nang,48500
79,Jyoti,Ramotswa,49000
80,Ada,Taoyuan,49500
81,Granger,Ghauspur,50000
82,Dawn,Hōjō,50500
83,Lance,Wolbrom,51000
84,Stacee,Blantyre,51500
85,Way,Jianghua,52000
86,Dun,Chaplygin,52500
87,Reece,Zhongtang,53000
88,Rosanna,La Cumbre,53500
89,Goddard,Jajaway,54000
90,Cassy,Tqibuli,54500
91,Andrey,Santiaoshi,55000
92,Marcile,Chengzihe,55500
93,Kay,Los Angeles,56000
94,Grant,Głuchów,56500
95,Martie,Chak Two Hundred Forty-Nine TDA,57000
96,Calvin,Fenggang,57500
97,Denise,Yangwei,58000
98,Garland,Bukonyo,58500
99,Shari,Lisovi Sorochyntsi,59000
100,Ailene,Stockholm,59500
101,Allys,Banqiao,60000
102,Ashley,Marolambo,60500
103,Thomasine,Basiong,61000
104,Glad,Shentong,61500
105,Iggie,Chengbei,62000
106,Jada,Nanjiao,62500
107,Delcina,Pelym,63000
108,Kimble,Taounate,63500
109,Leonanie,Coelho Neto,64000
110,Flossy,Toliara,64500
111,Jon,Vilque Chico,65000
112,Stirling,Tambakromo,65500
113,Christina,Dessalines,66000
114,Eudora,Rude,66500
115,Vernen,Hostavice,67000
116,Fania,Ulapes,67500
117,Kevan,Santa Catalina,68000
118,Zorine,Khalopyenichy,68500
119,Horten,Hội An,69000
120,Naomi,Yuhang,69500
121,Tracey,Megati Kelod,70000
122,Evania,Lakeland,70500
123,Deni,Cibojong,71000
124,Maurizia,Šentilj v Slov. Goricah,71500
125,Kelcie,Tiandian,72000
126,Anni,Cirangrang,72500
127,Rodrick,Aţ Ţaybah,73000
128,Edouard,Tomari,73500
129,Schuyler,Huangnan,74000
130,Sammie,Seixal,74500
131,Brandy,Huyuan,75000
132,Kandy,"Villa Presidente Frei, Ñuñoa, Santiago, Chile",75500
133,Petunia,Kamba,76000
134,Bink,Kirovsk,76500
135,Renie,San Francisco de Macorís,77000
136,Ennis,Xinminxiang,77500
137,Hayden,Aveiro,78000
138,Minerva,Nicola Town,78500
139,Hagan,Pankshin,79000
140,Vidovik,Néa Smýrni,79500
141,Bibbye,Tullamore,80000
142,Mildrid,Laspezia,80500
143,Mallory,Dobrošte,81000
144,Karlens,Mingshuihe,81500
145,Catherina,Princeton,82000
146,Humfrid,Lewoduli,82500
147,Gerti,Rivesaltes,83000
148,Mata,Tonghong,83500
149,Michelle,Sheli,84000
150,Cullie,Sokolo,84500
151,Willa,Burevestnik,85000
152,Warren,Göteborg,85500
153,Evangelin,Kalapagada,86000
154,Yuri,Wan’an,86500
155,Savina,Alkmaar,87000
156,Candice,Lebak,87500
157,Reinald,Pulau Pinang,88000
158,Sunshine,Purut,88500
159,Sterling,Yachimata,89000
160,Robinett,Shazhouba,89500
161,Bartlett,Anqing,90000
162,Hesther,Puhechang,90500
163,Sherri,Tëploye,91000
164,Morten,Caoyan,91500
165,Gwenny,Plaju,92000
166,Edith,Pio Duran,92500
167,Ferrel,Wuping,93000
168,Jed,Kętrzyn,93500
169,Linoel,Banjar Parekan,94000
170,Darelle,Kinshasa,94500
171,Archibaldo,Al Başrah,95000
172,Dwayne,Sośnicowice,95500
173,Bertram,Karantaba,96000
174,Maxim,Randudongkal,96500
175,Dur,Piltown,97000
176,Cristionna,Jiekeng,97500
177,Mattheus,Hasuda,98000
178,Deva,Rayong,98500
179,Livia,Mikulovice,99000
180,Raphael,Göteborg,99500
181,Marcela,El Paraiso,100000
182,Muire,Kertasari,100500
183,Travus,Santo Antônio do Monte,101000
184,Hart,Kalix,101500
185,Bard,Mora,102000
186,Frasier,Canela,102500
187,Anny,Inglewood,103000
188,Gwynne,Kulautuva,103500
189,Elset,Pushkinskiye Gory,104000
190,Misha,Manticao,104500
191,Kane,‘Ayn an Nasr,105000
192,Jarrad,Pitogo,105500
193,Alverta,Yasnogorsk,106000
194,Stafani,Żurowa,106500
195,Damita,Sanhe,107000
196,Isadore,Dukuhpicung,107500
197,Derrek,Okunoya,108000
198,Nicholle,Sharjah,108500
199,Merrielle,Harjamukti,109000
200,Tasha,Ipoh,109500
201,Daphene,Sasayama,110000
202,Giustina,Nantes,110500
203,Khalil,Parabcan,111000
204,Emilie,Karangbadar Kidul,111500
205,Franciskus,Bzou,112000
206,Dion,Jamban,112500
207,Aura,Sidem,113000
208,Silva,Nova Prata,113500
209,Porty,Nicolas Bravo,114000
210,Sammie,Shengmi,114500
211,Bank,Perstorp,115000
212,Bailey,Strasbourg,115500
213,Caz,Ipoh,116000
214,Elle,Bayang,116500
215,Minta,Lubaczów,117000
216,Jaime,Maubin,117500
217,Kenn,Bijaepasu,118000
218,Ericka,Almenara,118500
219,Carling,Skutskär,119000
220,Trudey,Ganyan,119500
221,Yank,Rancaranji,120000
222,Alisun,Nossa Senhora do Socorro,120500
223,Laryssa,Bagong Pagasa,121000
224,Weylin,Wangyi Zhendian,121500
225,Ede,Shangtuhai,122000
226,Melisse,Ciengang,122500
227,Pippo,Sidamukti,123000
228,Harriott,Dongming Chengguanzhen,123500
229,Hersh,Kostrzyn nad Odrą,124000
230,Jerome,Putrajaya,124500
231,Emmye,Zapolyarnyy,125000
232,Jerrylee,Tempuran,125500
233,Jinny,Sinarharapan,126000
234,Alena,Malo,126500
235,Hoyt,Nazran’,127000
236,Ibrahim,Ágios Vasíleios,127500
237,Mattie,Ilandža,128000
238,Gordie,Digne-les-Bains,128500
239,Malynda,Caxarias,129000
240,Kevina,Fuqiang,129500
241,Giacobo,Manzanillo,130000
242,Reider,Nijiangping,130500
243,Klara,Longhuashan,131000
244,Hanson,El Real,131500
245,Aura,Sodankylä,132000
246,Tiphanie,Jiaoqi,132500
247,Kore,Sydney,133000
248,Halsey,Chengxiang,133500
249,Grannie,Għaxaq,134000
250,Bondy,Xam Nua,134500
251,Gregory,Guia,135000
252,Shellie,Kokhanava,135500
253,Lacie,Nekrasovka,136000
254,Florian,Paris 07,136500
255,Constantia,Almafuerte,137000
256,Rudolph,Parychy,137500
257,Pietra,Baishan,138000
258,Roy,Lidköping,138500
259,Sloane,Kadumelati,139000
260,Sloan,Tetyushi,139500
261,Devland,Moses,140000
262,Eddie,Kohtla-Järve,140500
263,Merv,Speightstown,141000
264,Luis,Bressuire,141500
265,Laurice,Qianxu Zhen,142000
266,Nollie,Almere Stad,142500
267,Catrina,Prosvet,143000
268,Marius,Nikhom Kham Soi,143500
269,Tara,Xinying,144000
270,Derril,Camp Diable,144500
271,Clarissa,Khemisset,145000
272,Dewain,Piraí do Sul,145500
273,Ray,Mangarine,146000
274,Sherilyn,Pinheiral,146500
275,Garald,Giemdiem,147000
276,Ettore,Independencia,147500
277,Nettie,Banjar Swastika,148000
278,Brigid,Xincheng,148500
279,Jennifer,Naranjo,149000
280,Kerwin,Zhulebino,149500
281,Sunny,Aksu,150000
282,Hercule,Nóvita,150500
283,Ceil,Corga,151000
284,Kathleen,Kotadukuh,151500
285,Sandy,Strelka,152000
286,Bernarr,Boise,152500
287,Jesus,Senneterre,153000
288,Abra,Sidoaji,153500
289,Blanca,Potet,154000
290,Mic,Linköping,154500
291,Rodie,Maracaju,155000
292,Amory,Tumauini,155500
293,Sergent,Daireaux,156000
294,Faulkner,Shuanghe,156500
295,Payton,Nanortalik,157000
296,Pammy,Hadyach,157500
297,Nicolle,Birmingham,158000
298,Tobit,Saratamata,158500
299,Biddy,Panay,159000
300,Nannette,Sutton,159500
301,Sabrina,Jieznas,160000
302,Maryrose,Semenivka,160500
303,Valina,Rey,161000
304,Zabrina,Minato,161500
305,Eduardo,Néa Magnisía,162000
306,Teressa,Dos Quebradas,162500
307,Itch,Daru Rilwan,163000
308,Rick,Lanshan,163500
309,Cristian,Mikhaylovka,164000
310,Lorine,Baita,164500
311,Brita,Dizhai,165000
312,Lindy,Klyuchevskiy,165500
313,Nickola,Anqing,166000
314,Bell,A dos Negros,166500
315,Johnathon,Hrádek,167000
316,Grata,Likhoy,167500
317,Adriaens,Nanbin,168000
318,Elsey,Sitampiky,168500
319,Brittaney,Huangnan,169000
320,Cynde,Spartanburg,169500
321,Ugo,Kasserine,170000
322,Georgianna,Kīsh,170500
323,Rafi,Saurama,171000
324,Cherri,Vitória,171500
325,Laney,Lamarosa,172000
326,Gypsy,Agualva de Cima,172500
327,Baird,Kaélé,173000
328,Claudio,Dabai,173500
329,Erna,"Brgy. Nalook, kalibo",174000
330,Kevina,Sosnovaya Polyana,174500
331,Reamonn,Otok,175000
332,Lezlie,Groblersdal,175500
333,Renaldo,Palmas de Monte Alto,176000
334,Vilhelmina,Wantou,176500
335,Forster,Koynare,177000
336,Ramsey,San Miguel,177500
337,Loutitia,Beaumont,178000
338,Anastasie,Olofström,178500
339,Jilly,Xilian,179000
340,Germaine,Pleshanovo,179500
341,Hasty,Suzhou,180000
342,Astrix,Demyansk,180500
343,Loraine,Roissy Charles-de-Gaulle,181000
344,Ailina,Guayaramerín,181500
345,Sullivan,Gannan,182000
346,Nathalie,Hechuan,182500
347,Hilda,Lampari,183000
348,Florella,Zhongcheng,183500
349,Francoise,Kåge,184000
350,Ritchie,Bełżec,184500
351,Barnard,Liuche,185000
352,Keir,Starokucherganovka,185500
353,Jeremias,Hradec nad Moravici,186000
354,Crista,Hilotongan,186500
355,Evvy,Bertoua,187000
356,Fanny,Sedatiagung,187500
357,Allis,Calape,188000
358,Wolfy,Chengbei,188500
359,Maryanna,Albany,189000
360,Joela,Tunggulsari,189500
361,Devlin,Jinxiu,190000
362,Velma,Pacaembu,190500
363,Nikos,Zhoupu,191000
364,Torrance,Loja,191500
365,Bronnie,Fier,192000
366,Murry,Baimangpu,192500
367,Sande,Kotel,193000
368,Bobbie,Maagnas,193500
369,Marabel,Malšice,194000
370,Trudi,Lao Suea Kok,194500
371,Cynthia,Täby,195000
372,Clifford,Senggapi,195500
373,Lelah,Vyshchetarasivka,196000
374,Demetris,Vlasenica,196500
375,Batsheva,Yanaul,197000
376,Chloette,Daxing,197500
377,Antonin,Shiree,198000
378,Pavla,Qorovulbozor,198500
379,Philomena,Xêgar,199000
380,Ignazio,Orange Farm,199500
381,Willy,Karangpete,200000
382,Spike,Sangmélima,200500
383,Wendell,Dampol,201000
384,Whitaker,Nuevo Berlín,201500
385,Timmie,Jijia,202000
386,Boycey,Blois,202500
387,Edwina,Alakak,203000
388,Elwin,Vinsady,203500
389,Ginevra,Suan Luang,204000
390,Stefano,Sangiang,204500
391,Fonsie,Zhenxing,205000
392,Drusie,Sosnowiec,205500
393,Minni,Manika,206000
394,Kippy,Kvasiny,206500
395,Doria,Kedungringin,207000
396,Ambrosio,Drumcondra,207500
397,Binky,Libertad,208000
398,Roxanne,Ōhara,208500
399,Binnie,Chaoyang,209000
400,Grethel,Niamey,209500
401,Gisele,Wakuya,210000
402,Ingra,Bua Yai,210500
403,Viole,Kousséri,211000
404,Alphonse,Fryčovice,211500
405,Tamarra,Al Wuday‘,212000
406,Rey,Jiefang,212500
407,Sarette,Sheli,213000
408,Clayson,Xiayang,213500
409,Kelly,Eman,214000
410,Paulo,Kalianda,214500
411,Gennie,Dahedian,215000
412,Marge,Guanajuato,215500
413,Bree,Andekantor,216000
414,Aprilette,Bantal,216500
415,Sherrie,Vetluzhskiy,217000
416,Gearalt,Buriram,217500
417,Demetris,Huquan,218000
418,Dre,Saint-Maixent-l'École,218500
419,Launce,Orzu,219000
420,Lilli,Sayama,219500
421,Rhodie,Quiriquire,220000
422,Delainey,Huanghua,220500
423,Marylynne,Adjumani,221000
424,Florian,Espírito Santo do Pinhal,221500
425,Sheelah,Castlebellingham,222000
426,Lion,General Ramírez,222500
427,Lanette,Debre Tabor,223000
428,Etti,Choujiang,223500
429,Arney,Koesan,224000
430,Tab,Paccho,224500
431,Benjy,Aurora,225000
432,Kerr,Balud,225500
433,Jacklin,Xinxikou,226000
434,Kalina,Borovskoy,226500
435,Babbette,Benešov nad Ploučnicí,227000
436,Ellerey,Blatnica,227500
437,Nickey,Smarhon’,228000
438,Andie,Benavila,228500
439,Dulcinea,Guaratinguetá,229000
440,Crysta,Firminy,229500
441,Roarke,Tambaksari,230000
442,Mattie,Bender,230500
443,Curry,Sindangsari,231000
444,Andrey,Villeurbanne,231500
445,Sofia,Wuku,232000
446,Stu,São Bernardo do Campo,232500
447,Shawnee,München,233000
448,Ricky,Dresden,233500
449,Ermentrude,Dubna,234000
450,Sheffie,Itaparica,234500
451,Husein,Nacala,235000
452,Eada,Jishu,235500
453,Melissa,Craigavon,236000
454,Doralynne,Petaling Jaya,236500
455,Sully,Taiping,237000
456,Meara,Latacunga,237500
457,Essa,Banyubang,238000
458,Stacy,Sacramento,238500
459,Filide,Clorinda,239000
460,Carlota,Lombo Meão,239500
461,Rowan,Usulután,240000
462,Martainn,Chiquinquirá,240500
463,Leonanie,Ziliang,241000
464,Gill,Envigado,241500
465,Dani,Manis Mekarwangi,242000
466,Mohammed,Budapest,242500
467,Lacy,Butha-Buthe,243000
468,Randa,Balice,243500
469,Jeffrey,Cikaludan,244000
470,Ernst,Mchinji,244500
471,Emerson,Xinzhu,245000
472,Courtney,Bagadó,245500
473,Petronia,Ōzu,246000
474,Bourke,Могила,246500
475,Nannette,Huangwei,247000
476,Nixie,Novoukrayinka,247500
477,Isahella,Usevia,248000
478,Jeromy,Krajan Karangwage,248500
479,Fabe,Ādilpur,249000
480,Edik,Pervomayskoye,249500
481,Neron,Benito Juarez,250000
482,Meade,Zlaté Hory,250500
483,Annalee,Gogosuket,251000
484,Elinor,Qiujima,251500
485,Alli,Lahat,252000
486,Sutherlan,Qingzhou,252500
487,Giraud,Sanyantang,253000
488,Wilton,Las Cruces,253500
489,Eryn,Jiashi,254000
490,Lulita,Torino,254500
491,Valencia,Xaçmaz,255000
492,Clerc,Örebro,255500
493,Hayes,Villa Serrano,256000
494,Jobyna,Lubao,256500
495,Abelard,Lazaro Cardenas,257000
496,Jerad,Surkh Bilandī,257500
497,Darnell,Cikou,258000
498,Nesta,Ruihong,258500
499,Zola,Pulilan,259000
500,Leodora,Kowala,259500
501,Kellby,Potrero Grande,260000
502,Laurene,Padas,260500
503,Candie,Nong Khaem,261000
504,Karena,Batumi,261500
505,Derward,Juegang,262000
506,Sabrina,Kongjiafang,262500
507,Wilhelmina,Prokuplje,263000
508,Monah,Nova Petrópolis,263500
509,Tamera,Dimiao,264000
510,Celene,Valinhos,264500
511,Thaxter,Ya’ngan,265000
512,Imojean,Las Palmas,265500
513,Lauralee,Witkowo,266000
514,Margret,Lyuban’,266500
515,Thomasin,Guaymango,267000
516,Moe,Tukums,267500
517,Donielle,Penalva,268000
518,Feliza,Lantapan,268500
519,Uri,São Tomé,269000
520,Willi,Tafeng,269500
521,Burr,Saint-Avold,270000
522,Patin,Xingdian,270500
523,Kipp,Karamat,271000
524,Estel,Kuanghe,271500
525,Oriana,Daying,272000
526,Dermot,Yangxunqiao,272500
527,Jesse,Buaran,273000
528,Flemming,Kezilei,273500
529,Dannie,Arapongas,274000
530,Emilia,Starobelokurikha,274500
531,Tybi,Český Těšín,275000
532,Conant,Alès,275500
533,Aguie,Akhtopol,276000
534,Rabi,Chengjiang,276500
535,Dore,La Maná,277000
536,Papageno,Wangi,277500
537,Eberhard,Fujinomiya,278000
538,Benedetto,P’yŏngsŏng,278500
539,Knox,San Pedro,279000
540,Dione,Alunda,279500
541,Maurizio,Jalqamūs,280000
542,Gris,Pereira,280500
543,Leon,Sandefjord,281000
544,Tommi,Slovenj Gradec,281500
545,Cally,Paitan,282000
546,Aeriela,Kirkton,282500
547,Trish,Železniki,283000
548,Tibold,Samannūd,283500
549,Dmitri,Krasnotur’insk,284000
550,Clint,Cercal,284500
551,Cody,Eskifjörður,285000
552,Rene,Baiyang,285500
553,Shelly,Pakis,286000
554,Lyon,Amsterdam Noord west,286500
555,Grace,Ufimskiy,287000
556,Riobard,San Antonio Oeste,287500
557,Nicky,Iyo,288000
558,Eugenius,Borisova Griva,288500
559,Lusa,Frýdek-Místek,289000
560,Joete,Yuquan,289500
561,Myrna,Battle Creek,290000
562,Alina,Xumu,290500
563,Patrica,Havtsal,291000
564,John,Cotuí,291500
565,Ludovika,Xiaowuzhan,292000
566,Brooke,Milwaukee,292500
567,Pier,Vũng Tàu,293000
568,Cyndie,Kamyzyak,293500
569,Toinette,Goma,294000
570,Millisent,Tangkeng,294500
571,Desdemona,Wakayama-shi,295000
572,Bethina,Székesfehérvár,295500
573,Roselia,Belung Satu,296000
574,Fernandina,Dalongzhan,296500
575,Sher,Heshui,297000
576,Travis,Thatèng,297500
577,Pavel,Thio,298000
578,Teodorico,Chicago,298500
579,Debor,Lopar,299000
580,Deck,Banjar Dauhpangkung,299500
581,Lilla,Čelinac,300000
582,Guillemette,Fès,300500
583,Sianna,Poteran,301000
584,Janaya,Américo Brasiliense,301500
585,Nial,Douala,302000
586,Terrance,Hongtu,302500
587,Silvan,Psevdás,303000
588,Shea,Lisia Góra,303500
589,Kimbra,Krajan,304000
590,Annecorinne,Quilmaná,304500
591,Coleen,Rettikhovka,305000
592,Wilfrid,Nanae,305500
593,Zebulon,União,306000
594,Christian,Viļāni,306500
595,Hadleigh,Zheleznogorsk-Ilimskiy,307000
596,Irwinn,Upton,307500
597,Mechelle,Socos,308000
598,Alasteir,Gotputuk,308500
599,Jamima,La Paz Centro,309000
600,Antonietta,Huangjia,309500
601,Angelica,Herne,310000
602,Guillermo,Port-aux-Français,310500
603,Bethina,Siewierz,311000
604,Jermaine,Huangjin,311500
605,Rebekah,Tinaco,312000
606,Noni,Télimélé,312500
607,Osbourne,Palecenan,313000
608,Kenton,Dongke,313500
609,Ethel,Shofirkon,314000
610,Alley,Wola Uhruska,314500
611,Thomasine,Sidi Smaïl,315000
612,Curcio,Zhuanqukou,315500
613,Bank,Gävle,316000
614,Othilie,San Francisco de Yare,316500
615,Munmro,Digkilaan,317000
616,Danni,Thị Trấn Yên Cát,317500
617,Luelle,Shizi,318000
618,Ursola,Karangbayat,318500
619,Craggy,Cabañas,319000
620,Beverly,Jinka,319500
621,Siusan,Baimajing,320000
622,Kimberlee,Hanjia,320500
623,Adriana,Seattle,321000
624,Felice,Karanlukh,321500
625,Pepita,Leopoldina,322000
626,Keefer,Kafr az Zayyāt,322500
627,Belvia,Cournon-d'Auvergne,323000
628,Carmelita,Greenhills,323500
629,Salmon,Kengkou,324000
630,Trever,Fantan,324500
631,Alfie,Bella Vista,325000
632,Shaylyn,Sukamaju Kidul,325500
633,Tana,Zombo,326000
634,Bekki,Wojcieszków,326500
635,Bordie,Čelinac,327000
636,Liliane,Mbanga,327500
637,Agathe,Tapada das Mercês,328000
638,Gerianna,Bromma,328500
639,Pearle,Baimangpu,329000
640,Nancey,Nanterre,329500
641,Courtnay,Västerås,330000
642,Albina,Kastélli,330500
643,Immanuel,Susiec,331000
644,Holly-anne,Sufang,331500
645,Gardie,Al Jīzah,332000
646,Kellia,Krasnotur’insk,332500
647,Christophe,Kivijärvi,333000
648,Karna,Ozërsk,333500
649,Floria,Chlumec nad Cidlinou,334000
650,Chilton,Bantar Tengah,334500
651,Catarina,Duas Igrejas,335000
652,Paige,Partizan,335500
653,Laure,Ōi,336000
654,Braden,Cincinnati,336500
655,Ofella,Klwów,337000
656,Amory,Mabunga,337500
657,Fey,Riyadh,338000
658,Holly,Shal’skiy,338500
659,Lucina,Kobiernice,339000
660,Ray,Yushan,339500
661,Clem,Yamkino,340000
662,Meryl,Qingshui,340500
663,Natal,Phú Lộc,341000
664,Tallia,Hebeitun,341500
665,Marianne,Shebekino,342000
666,Urbain,Novo-Peredelkino,342500
667,Benedict,Gorodishche,343000
668,Marleen,Vilhena,343500
669,Alana,Kimhae,344000
670,Loutitia,Tuochuan,344500
671,Michel,Cilebang Satu,345000
672,Stephine,Postira,345500
673,Berti,Bollnäs,346000
674,Abbye,Billère,346500
675,Homerus,Kowalewo Pomorskie,347000
676,Natividad,Horní Čermná,347500
677,Currie,Daliang,348000
678,Gregorio,Umburarameha,348500
679,Mamie,Tiro,349000
680,Bo,Santa Maria,349500
681,Elane,Jayanca,350000
682,Donny,Kenscoff,350500
683,Yorgos,Roi Et,351000
684,Adina,Vavoua,351500
685,Maddie,Lyon,352000
686,Lemmie,Cruces,352500
687,Yancy,Nora,353000
688,Carie,Bela Vista,353500
689,Alla,Odemira,354000
690,Dory,San Francisco,354500
691,Rosalia,Ancol,355000
692,Reilly,Anbyŏn-ŭp,355500
693,Kaia,Catabola,356000
694,Ilka,Valdosta,356500
695,Dory,Birendranagar,357000
696,Lida,Mevo horon,357500
697,Constancia,Saboyá,358000
698,Morena,Balingoan,358500
699,Mirabelle,Ituiutaba,359000
700,Dill,Ximei,359500
701,Alex,Shezë,360000
702,Beau,Al Abyār,360500
703,Avictor,Hope,361000
704,Cary,Butuan,361500
705,Essa,São Silvestre,362000
706,Guss,San Andrés Xecul,362500
707,Rockwell,Tutem,363000
708,Matthaeus,Bolo,363500
709,Tabatha,White Rock,364000
710,Odella,Jambu,364500
711,Bertie,Al Tuḩaytā’,365000
712,Benni,Lucé,365500
713,Niki,Konče,366000
714,Stephen,Shengli,366500
715,William,Gradec,367000
716,Bennie,Huya,367500
717,Faythe,Muting,368000
718,Kimbra,Shelopugino,368500
719,Layney,Nagykanizsa,369000
720,Chickie,Yoshkar-Ola,369500
721,Philipa,Bafoulabé,370000
722,Hansiain,Katyuzhanka,370500
723,Moe,Chatou,371000
724,Robinet,Axioúpoli,371500
725,Hyacinth,Dok Kham Tai,372000
726,Augy,Podebłocie,372500
727,Travers,Lyuban’,373000
728,Tandi,Starychi,373500
729,Adeline,Oak Bay,374000
730,Othello,Ithari,374500
731,Tabitha,Sundbyberg,375000
732,Karina,Krajan Siki,375500
733,Rocky,Takarazuka,376000
734,Kandy,Mizusawa,376500
735,Price,Washington,377000
736,Delcine,Mao’ershan,377500
737,Phillis,Šavnik,378000
738,Sibyl,Rueil-Malmaison,378500
739,Cecelia,Pacatuba,379000
740,Antoinette,Ngembel,379500
741,Care,Ostrov,380000
742,Stefano,Njivice,380500
743,Giselbert,Cedry Wielkie,381000
744,Di,Ḩajjah,381500
745,Tiena,Néa Sánta,382000
746,Brianna,Bristol,382500
747,Karl,Göteborg,383000
748,Teador,Pan-an,383500
749,Allis,Perniö,384000
750,Vivia,Tomé Açu,384500
751,Franklin,Vila Nova de Santo André,385000
752,Vonnie,Huacrapuquio,385500
753,Minnie,Podhum,386000
754,Archibold,Acarigua,386500
755,Perri,Ludu,387000
756,Karine,Penghu,387500
757,Hazel,Huangludian,388000
758,Dorothea,Magdaleno Aguilar,388500
759,Lynette,Tiznit,389000
760,Gustave,Washington,389500
761,Torie,Taoyang,390000
762,Mac,Sarnia,390500
763,Noelyn,Strizhi,391000
764,Stanley,Kachug,391500
765,Kailey,Salamá,392000
766,Mick,Sa Kaeo,392500
767,Amitie,Slovenski Javornik,393000
768,Blisse,Sobrosa,393500
769,Padriac,Manna,394000
770,Dael,Otun,394500
771,Julia,Konibodom,395000
772,Merilyn,Necochea,395500
773,Jervis,Sembabule,396000
774,Aretha,Qinghua,396500
775,Laurette,Ko Si Chang,397000
776,Brittan,San Vicente,397500
777,Morgana,Písečná,398000
778,Kale,Taichung,398500
779,Eilis,Puyo,399000
780,Bobbie,Karangagung Timur,399500
781,Dorian,Bojongaren,400000
782,Ulla,Vélizy-Villacoublay,400500
783,Flint,Oenunu,401000
784,Sergei,Rialma,401500
785,Mario,Gbarnga,402000
786,Pip,San Carlos de Bariloche,402500
787,Valentino,Jinshi,403000
788,Kristin,Kedungcangkring,403500
789,Ilyse,eSikhawini,404000
790,Fina,Oster,404500
791,Valentina,Az Zarbah,405000
792,Rachael,Vairão,405500
793,Paxton,Turku,406000
794,Alta,Esmeralda,406500
795,Rina,Australia Square,407000
796,Chase,Jinzhou,407500
797,Celeste,Gondanglegi Wetan,408000
798,Claybourne,Mosquée,408500
799,Ilka,Jambeyan,409000
800,Corri,Byczyna,409500
801,Homere,Batallas,410000
802,Moyra,Jacksonville,410500
803,Robyn,Tumba,411000
804,Trixie,Camangcamang,411500
805,Gasper,Podstepki,412000
806,Allyson,Oke Iho,412500
807,Valenka,Semibratovo,413000
808,Tad,Acobamba,413500
809,Georgeta,Sempu,414000
810,Putnem,Dzüünbulag,414500
811,Rosita,Zarechnyy,415000
812,Kassandra,Ostashkov,415500
813,Christal,Looc,416000
814,Sky,Montenegro,416500
815,Issie,Alicia,417000
816,Andros,Rado,417500
817,Myrilla,Krajan,418000
818,Darnell,Alvega,418500
819,Minetta,Zhongmen,419000
820,Joycelin,Tamatam,419500
821,Gerry,Maluko,420000
822,Ashlin,Kiili,420500
823,Mar,Jingu,421000
824,Jelene,Gort,421500
825,Cristabel,Changcun,422000
826,Prudi,Noyelles-sous-Lens,422500
827,Marquita,Stockholm,423000
828,Hildy,Delicias,423500
829,Katherina,Castelo,424000
830,Maryjane,Lawrenceville,424500
831,Kingston,Drosiá,425000
832,Cicely,Wencheng,425500
833,Maible,Hor,426000
834,Jillana,Vol’sk,426500
835,Merrick,Yaotian,427000
836,Netta,Bīrganj,427500
837,Rand,Karpinsk,428000
838,Adrien,Rathwire,428500
839,Laird,Jaworzynka,429000
840,Dorelia,Hongqi,429500
841,Thayne,Leipsoí,430000
842,Bentley,Pahonjean,430500
843,Letti,Bibai,431000
844,Aylmar,Outeirô,431500
845,Caldwell,Kungsör,432000
846,Humbert,Rentung,432500
847,Lawry,Roseau,433000
848,Stanley,Muting,433500
849,Reyna,Vereya,434000
850,Anne-corinne,Portland,434500
851,Chan,Irricana,435000
852,Artemus,Vavuniya,435500
853,Reta,Lysyanka,436000
854,Bobbi,Qingquan,436500
855,Engelbert,Verkhniy Landekh,437000
856,Hartwell,Xarrë,437500
857,Priscella,Huacheng,438000
858,Wade,Järna,438500
859,Tann,Hilversum,439000
860,Anders,Rakičan,439500
861,Evangelina,Yuanqiao,440000
862,Bernhard,Sanxi,440500
863,Rea,São Roque,441000
864,Putnem,Kool Tengah,441500
865,Tierney,Teno,442000
866,Camilla,Shanmei,442500
867,Emmey,Yatunpu,443000
868,Hervey,Villa Ascasubi,443500
869,Turner,Al Jubayl,444000
870,Milzie,Gunjur,444500
871,Olly,Larache,445000
872,Pansy,Magsalangi,445500
873,Bambi,Ruma,446000
874,Thekla,Siepraw,446500
875,Avril,Santa Rosa de Viterbo,447000
876,Tabbi,Alvito de São Pedro,447500
877,Mitch,Andoany,448000
878,Larina,Buenos Aires,448500
879,Pearce,Krajan Curahcotok,449000
880,Raynard,Santa Monica,449500
881,Hubie,Gwoźnica Górna,450000
882,Lon,Daoxian,450500
883,Wilfrid,Luoqiao,451000
884,Abbe,Iwai,451500
885,Olwen,Dobrá,452000
886,Yanaton,Maunggora,452500
887,Ches,Ilići,453000
888,Aubree,Vyksa,453500
889,Kym,Olszyna,454000
890,Ody,Kapinango,454500
891,Andrea,Seoam,455000
892,Raimundo,Sovetskaya Gavan’,455500
893,Delbert,Energeticheskiy,456000
894,Nathalie,Ilovlya,456500
895,Thomasine,Parakanhonje Wetan,457000
896,Jerri,Shuitianhe,457500
897,Algernon,Masjid,458000
898,Freddi,Żoliborz,458500
899,Del,Santa Bárbara d'Oeste,459000
900,Tuesday,Mutoko,459500
901,Yvette,Barra do Garças,460000
902,Ealasaid,Huanggang,460500
903,Ola,Wonodadi,461000
904,Patience,Tha Bo,461500
905,Sibyl,Mujur Satu,462000
906,Michal,Villeneuve-lès-Avignon,462500
907,Chauncey,Mutum Biyu,463000
908,Emelia,Nart,463500
909,Ethel,Cacoal,464000
910,Delcine,Zagoryanskiy,464500
911,Ynes,Tangban,465000
912,Jaclin,Saraqinishtë,465500
913,Egor,Parse,466000
914,Steward,Ust’-Kachka,466500
915,Bambie,Minuyan,467000
916,Rani,Nangabulik,467500
917,Seamus,San Francisco,468000
918,Chester,Kuanda,468500
919,Wilone,Kindu,469000
920,Farica,Zhixia,469500
921,Garnette,Privolzhskiy,470000
922,Amye,Jembayan Hitam,470500
923,Clemmy,Haoxin,471000
924,Idette,Zhouzai,471500
925,Lorianna,Proletar,472000
926,Sara-ann,San Jose,472500
927,Mommy,Santo Rosario,473000
928,Pierson,Mērsrags,473500
929,Diarmid,Serra D'El Rei,474000
930,Wayne,Coripata,474500
931,Herve,Alvand,475000
932,Maisie,Sacsamarca,475500
933,Cornell,Dordrecht,476000
934,Claudine,Bindura,476500
935,Ansel,Cafayate,477000
936,Haslett,Pilcuyo,477500
937,Anny,Neẖalim,478000
938,Joelie,Ujsoły,478500
939,Charo,Jurangjero,479000
940,Reuben,Yaojiaji,479500
941,Corby,Santo Domingo,480000
942,Temple,Kilju,480500
943,Vin,Fangqiang,481000
944,Marcela,Wŏnsan,481500
945,Nancey,Phuthaditjhaba,482000
946,Pavia,Ferrol,482500
947,Shayne,Beaconsfield,483000
948,Korry,Hang Dong,483500
949,Melodie,Paraparaumu,484000
950,Osmond,Srokowo,484500
951,Luisa,Dąbrowa,485000
952,Carolyne,Pawłosiów,485500
953,Zacharie,Manacsac,486000
954,Marty,New Kingston,486500
955,Herb,Oumiao,487000
956,Mitchell,Zhouhu,487500
957,Dorey,Airmolek,488000
958,Gaspar,Mendi,488500
959,Quintana,Aquiraz,489000
960,Quintus,Daegu,489500
961,Em,Blangpulo,490000
962,Vassili,Podkamennaya Tunguska,490500
963,Mike,Kabul,491000
964,Renaldo,Zarrīn Shahr,491500
965,Shandy,Barishāl,492000
966,Lyndel,Lantera,492500
967,Mathew,Banjar Tiga,493000
968,Merrile,Wangjiahe,493500
969,Somerset,Xishaping,494000
970,Henrietta,Lidingö,494500
971,Dillie,Wartburg,495000
972,Silas,Ningtang,495500
973,Halimeda,Lomme,496000
974,Peder,Popasna,496500
975,Leta,Manalu,497000
976,Letty,Kragujevac,497500
977,Clem,Calle Blancos,498000
978,Kathlin,Wulongshan,498500
979,Anselma,Passagem,499000
980,Toinette,Shebunino,499500
981,Kristin,Mosul,500000
982,Anni,Kawayan,500500
983,Gibby,Weton,501000
984,Baxie,Mīzan Teferī,501500
985,Louis,Jinjiang,502000
986,Quentin,Zhaojia,502500
987,Susann,Engel’-Yurt,503000
988,Filbert,Shuanggang,503500
989,Em,Callahuanca,504000
990,Englebert,Lakeland,504500
991,Darleen,Patquía,505000
992,Doyle,Yongning,505500
993,Celestyn,Lianhe,506000
994,Lizabeth,Prawdzinski,506500
995,Meridith,Vinhedo,507000
996,Koren,Wagar,507500
997,Marven,Pantanal,508000
998,Teressa,Sudimara,508500
999,Kassandra,Chancay,509000
1000,Garwood,Stepanovićevo,509500
